Domain,Len,IDN,Date
天猫.org,2,1,2020-03-23
5ge.org,3,0,2020-03-23
육일오.org,3,1,2020-03-23
r1q.org,3,0,2020-03-23
륙일오.org,3,1,2020-03-23
p95.org,3,0,2020-03-23
6iq.org,3,0,2020-03-23
a360.org,4,0,2020-03-23
rtpx.org,4,0,2020-03-23
eevr.org,4,0,2020-03-23
awnu.org,4,0,2020-03-23
ddgo.org,4,0,2020-03-23
a1wp.org,4,0,2020-03-23
nkpr.org,4,0,2020-03-23
kgbe.org,4,0,2020-03-23
5lou.org,4,0,2020-03-23
xdjt.org,4,0,2020-03-23
mmfm.org,4,0,2020-03-23
7-up.org,4,0,2020-03-23
svkm.org,4,0,2020-03-23
lwm1.org,4,0,2020-03-23
us4u.org,4,0,2020-03-23
nxlv.org,4,0,2020-03-23
ctki.org,4,0,2020-03-23
taak.org,4,0,2020-03-23
guwu.org,4,0,2020-03-23
cgze.org,4,0,2020-03-23
grga.org,4,0,2020-03-23
iqis.org,4,0,2020-03-23
qnss.org,4,0,2020-03-23
ka4k.org,4,0,2020-03-23
jxra.org,4,0,2020-03-23
iyrt.org,4,0,2020-03-23
idsh.org,4,0,2020-03-23
rfes.org,4,0,2020-03-23
hexx.org,4,0,2020-03-23
kkbb.org,4,0,2020-03-23
nskb.org,4,0,2020-03-23
gliy.org,4,0,2020-03-23
lssh.org,4,0,2020-03-23
stdj.org,4,0,2020-03-23
jpub.org,4,0,2020-03-23
fzgd.org,4,0,2020-03-23
srjt.org,4,0,2020-03-23
c19t.org,4,0,2020-03-23
c317.org,4,0,2020-03-23
yzli.org,4,0,2020-03-23
nllh.org,4,0,2020-03-23
ycyp.org,4,0,2020-03-23
mtpn.org,4,0,2020-03-23
esfn.org,4,0,2020-03-23
1k1c.org,4,0,2020-03-23
la29.org,4,0,2020-03-23
vegi.org,4,0,2020-03-23
tsow.org,4,0,2020-03-23
dxzj.org,4,0,2020-03-23
whzg.org,4,0,2020-03-23
iovi.org,4,0,2020-03-23
yyls.org,4,0,2020-03-23
ybwb.org,4,0,2020-03-23
bhhj.org,4,0,2020-03-23
ccuy.org,4,0,2020-03-23
zyw1.org,4,0,2020-03-23
frni.org,4,0,2020-03-23
txzw.org,4,0,2020-03-23
1606.org,4,0,2020-03-23
mxte.org,4,0,2020-03-23
3h3h.org,4,0,2020-03-23
wwhu.org,4,0,2020-03-23
f00d.org,4,0,2020-03-23
enld.org,4,0,2020-03-23
wodo.org,4,0,2020-03-23
htsg.org,4,0,2020-03-23
ubou.org,4,0,2020-03-23
ayni.org,4,0,2020-03-23
mwdb.org,4,0,2020-03-23
4gxs.org,4,0,2020-03-23
pts21.org,5,0,2020-03-23
eagta.org,5,0,2020-03-23
bxgds.org,5,0,2020-03-23
amabi.org,5,0,2020-03-23
omcfn.org,5,0,2020-03-23
cfitw.org,5,0,2020-03-23
gdddf.org,5,0,2020-03-23
gofar.org,5,0,2020-03-23
gjcdc.org,5,0,2020-03-23
stufe.org,5,0,2020-03-23
fikrr.org,5,0,2020-03-23
xroxy.org,5,0,2020-03-23
rozna.org,5,0,2020-03-23
wdumm.org,5,0,2020-03-23
mogfa.org,5,0,2020-03-23
niwga.org,5,0,2020-03-23
gggrj.org,5,0,2020-03-23
poncs.org,5,0,2020-03-23
iuhsd.org,5,0,2020-03-23
wybmn.org,5,0,2020-03-23
yiwai.org,5,0,2020-03-23
cencr.org,5,0,2020-03-23
tekia.org,5,0,2020-03-23
mojss.org,5,0,2020-03-23
ngfsm.org,5,0,2020-03-23
yjlib.org,5,0,2020-03-23
doxxa.org,5,0,2020-03-23
cccsg.org,5,0,2020-03-23
cyoga.org,5,0,2020-03-23
bysgc.org,5,0,2020-03-23
zavet.org,5,0,2020-03-23
mvcem.org,5,0,2020-03-23
mycof.org,5,0,2020-03-23
ukuba.org,5,0,2020-03-23
cehsd.org,5,0,2020-03-23
htsab.org,5,0,2020-03-23
pombe.org,5,0,2020-03-23
oaits.org,5,0,2020-03-23
isnrp.org,5,0,2020-03-23
metaf.org,5,0,2020-03-23
dopee.org,5,0,2020-03-23
vn138.org,5,0,2020-03-23
msjyj.org,5,0,2020-03-23
d-e-i.org,5,0,2020-03-23
ffond.org,5,0,2020-03-23
wagla.org,5,0,2020-03-23
hisky.org,5,0,2020-03-23
memwa.org,5,0,2020-03-23
iafpt.org,5,0,2020-03-23
me-af.org,5,0,2020-03-23
cnqnh.org,5,0,2020-03-23
xfxzz.org,5,0,2020-03-23
ubiex.org,5,0,2020-03-23
humay.org,5,0,2020-03-23
varmy.org,5,0,2020-03-23
hiemr.org,5,0,2020-03-23
bcasc.org,5,0,2020-03-23
svenh.org,5,0,2020-03-23
mywtt.org,5,0,2020-03-23
nccfy.org,5,0,2020-03-23
yyfdc.org,5,0,2020-03-23
beyul.org,5,0,2020-03-23
lpshs.org,5,0,2020-03-23
niaku.org,5,0,2020-03-23
iojp1.org,5,0,2020-03-23
wicsi.org,5,0,2020-03-23
fjuja.org,5,0,2020-03-23
mpecs.org,5,0,2020-03-23
fbsdt.org,5,0,2020-03-23
wuxia.org,5,0,2020-03-23
nehcm.org,5,0,2020-03-23
xhmkx.org,5,0,2020-03-23
vrbic.org,5,0,2020-03-23
usfnw.org,5,0,2020-03-23
lugta.org,5,0,2020-03-23
swars.org,5,0,2020-03-23
bk8vn.org,5,0,2020-03-23
hgmtv.org,5,0,2020-03-23
sig50.org,5,0,2020-03-23
ker-c.org,5,0,2020-03-23
gongi.org,5,0,2020-03-23
quizs.org,5,0,2020-03-23
cgwri.org,5,0,2020-03-23
cjhsd.org,5,0,2020-03-23
kds66.org,5,0,2020-03-23
cj1st.org,5,0,2020-03-23
goche.org,5,0,2020-03-23
nsbgc.org,5,0,2020-03-23
kiten.org,5,0,2020-03-23
dryux.org,5,0,2020-03-23
peiwu.org,5,0,2020-03-23
yogaq.org,5,0,2020-03-23
asw4d.org,5,0,2020-03-23
b2bmi.org,5,0,2020-03-23
she32.org,5,0,2020-03-23
hcfmn.org,5,0,2020-03-23
srsjh.org,5,0,2020-03-23
ecoso.org,5,0,2020-03-23
ohioh.org,5,0,2020-03-23
hey19.org,5,0,2020-03-23
lbgmf.org,5,0,2020-03-23
sfdbs.org,5,0,2020-03-23
fabra.org,5,0,2020-03-23
atlca.org,5,0,2020-03-23
ldhoa.org,5,0,2020-03-23
e-ops.org,5,0,2020-03-23
uzdem.org,5,0,2020-03-23
mypcn.org,5,0,2020-03-23
svarg.org,5,0,2020-03-23
quada.org,5,0,2020-03-23
maoye.org,5,0,2020-03-23
ya-rd.org,5,0,2020-03-23
oddsy.org,5,0,2020-03-23
iahrp.org,5,0,2020-03-23
aghrp.org,5,0,2020-03-23
3rdil.org,5,0,2020-03-23
facnc.org,5,0,2020-03-23
fszsw.org,5,0,2020-03-23
it138.org,5,0,2020-03-23
fahon.org,5,0,2020-03-23
2eden.org,5,0,2020-03-23
medca.org,5,0,2020-03-23
aid4u.org,5,0,2020-03-23
prnts.org,5,0,2020-03-23
aiaif.org,5,0,2020-03-23
zatan.org,5,0,2020-03-23
opely.org,5,0,2020-03-23
scred.org,5,0,2020-03-23
gggsp.org,5,0,2020-03-23
orque.org,5,0,2020-03-23
eemag.org,5,0,2020-03-23
ntusd.org,5,0,2020-03-23
bvfmc.org,5,0,2020-03-23
walcs.org,5,0,2020-03-23
hooco.org,5,0,2020-03-23
iptv3.org,5,0,2020-03-23
vtpac.org,5,0,2020-03-23
narzo.org,5,0,2020-03-23
falka.org,5,0,2020-03-23
advaa.org,5,0,2020-03-23
ibnyc.org,5,0,2020-03-23
odcpl.org,5,0,2020-03-23
sshcn.org,5,0,2020-03-23
rlpsi.org,5,0,2020-03-23
scrvg.org,5,0,2020-03-23
iacbp.org,5,0,2020-03-23
cpcae.org,5,0,2020-03-23
con19.org,5,0,2020-03-23
mfqmm.org,5,0,2020-03-23
cimeo.org,5,0,2020-03-23
52ggd.org,5,0,2020-03-23
csprn.org,5,0,2020-03-23
solfy.org,5,0,2020-03-23
blsct.org,5,0,2020-03-23
acpbd.org,5,0,2020-03-23
habar.org,5,0,2020-03-23
eocsb.org,5,0,2020-03-23
vitsa.org,5,0,2020-03-23
sdiev.org,5,0,2020-03-23
acbpt.org,5,0,2020-03-23
swa2a.org,5,0,2020-03-23
sndct.org,5,0,2020-03-23
cs888.org,5,0,2020-03-23
bnrgi.org,5,0,2020-03-23
se-al.org,5,0,2020-03-23
khatt.org,5,0,2020-03-23
faska.org,5,0,2020-03-23
cvcga.org,5,0,2020-03-23
edaan.org,5,0,2020-03-23
scyyt.org,5,0,2020-03-23
ledby.org,5,0,2020-03-23
miemm.org,5,0,2020-03-23
eduju.org,5,0,2020-03-23
pvc51.org,5,0,2020-03-23
msfch.org,5,0,2020-03-23
usyes.org,5,0,2020-03-23
ccany.org,5,0,2020-03-23
lahan.org,5,0,2020-03-23
aifup.org,5,0,2020-03-23
aitwn.org,5,0,2020-03-23
punru.org,5,0,2020-03-23
sabim.org,5,0,2020-03-23
i-uni.org,5,0,2020-03-23
souzu.org,5,0,2020-03-23
mallab.org,6,0,2020-03-23
gsnake.org,6,0,2020-03-23
ccepro.org,6,0,2020-03-23
lhczst.org,6,0,2020-03-23
b4t360.org,6,0,2020-03-23
baihay.org,6,0,2020-03-23
cedwtt.org,6,0,2020-03-23
mustem.org,6,0,2020-03-23
gzfjxh.org,6,0,2020-03-23
tpmagx.org,6,0,2020-03-23
sgverg.org,6,0,2020-03-23
sindri.org,6,0,2020-03-23
cehjsa.org,6,0,2020-03-23
bakica.org,6,0,2020-03-23
tktafc.org,6,0,2020-03-23
aacopd.org,6,0,2020-03-23
ftcngo.org,6,0,2020-03-23
fassti.org,6,0,2020-03-23
luxsus.org,6,0,2020-03-23
cpubbs.org,6,0,2020-03-23
sccgne.org,6,0,2020-03-23
tenent.org,6,0,2020-03-23
suqing.org,6,0,2020-03-23
enocel.org,6,0,2020-03-23
cdrinc.org,6,0,2020-03-23
hhivip.org,6,0,2020-03-23
devran.org,6,0,2020-03-23
lifree.org,6,0,2020-03-23
theggm.org,6,0,2020-03-23
diet4u.org,6,0,2020-03-23
888222.org,6,0,2020-03-23
ticsan.org,6,0,2020-03-23
vccnet.org,6,0,2020-03-23
abkpro.org,6,0,2020-03-23
fsmnsw.org,6,0,2020-03-23
linuks.org,6,0,2020-03-23
bslyrd.org,6,0,2020-03-23
91divo.org,6,0,2020-03-23
qntlss.org,6,0,2020-03-23
raagam.org,6,0,2020-03-23
infovi.org,6,0,2020-03-23
yamora.org,6,0,2020-03-23
momoco.org,6,0,2020-03-23
vacift.org,6,0,2020-03-23
bbball.org,6,0,2020-03-23
mimalu.org,6,0,2020-03-23
189bss.org,6,0,2020-03-23
dis-pe.org,6,0,2020-03-23
wemdrc.org,6,0,2020-03-23
dirand.org,6,0,2020-03-23
li10up.org,6,0,2020-03-23
mytv4u.org,6,0,2020-03-23
miyopi.org,6,0,2020-03-23
for-ct.org,6,0,2020-03-23
modpad.org,6,0,2020-03-23
icidel.org,6,0,2020-03-23
gsmcoe.org,6,0,2020-03-23
jimmyo.org,6,0,2020-03-23
wak123.org,6,0,2020-03-23
pilotu.org,6,0,2020-03-23
iokuok.org,6,0,2020-03-23
eachat.org,6,0,2020-03-23
nhherf.org,6,0,2020-03-23
111888.org,6,0,2020-03-23
118888.org,6,0,2020-03-23
immuni.org,6,0,2020-03-23
cesez2.org,6,0,2020-03-23
ncovid.org,6,0,2020-03-23
tabsan.org,6,0,2020-03-23
hssfye.org,6,0,2020-03-23
nubalo.org,6,0,2020-03-23
lovevt.org,6,0,2020-03-23
capids.org,6,0,2020-03-23
batica.org,6,0,2020-03-23
batflu.org,6,0,2020-03-23
love69.org,6,0,2020-03-23
vokusf.org,6,0,2020-03-23
vbeneu.org,6,0,2020-03-23
makshe.org,6,0,2020-03-23
banyaz.org,6,0,2020-03-23
voncap.org,6,0,2020-03-23
mdsbet.org,6,0,2020-03-23
budrem.org,6,0,2020-03-23
bambai.org,6,0,2020-03-23
444888.org,6,0,2020-03-23
phynet.org,6,0,2020-03-23
yogguy.org,6,0,2020-03-23
xducan.org,6,0,2020-03-23
mytemp.org,6,0,2020-03-23
2sigma.org,6,0,2020-03-23
bef-hk.org,6,0,2020-03-23
аскона.org,6,1,2020-03-23
wadoya.org,6,0,2020-03-23
nohnoh.org,6,0,2020-03-23
jwmeet.org,6,0,2020-03-23
webhit.org,6,0,2020-03-23
vimesh.org,6,0,2020-03-23
wsqcdc.org,6,0,2020-03-23
givetp.org,6,0,2020-03-23
vayush.org,6,0,2020-03-23
umimex.org,6,0,2020-03-23
claspr.org,6,0,2020-03-23
anitco.org,6,0,2020-03-23
mdsqrd.org,6,0,2020-03-23
ishuli.org,6,0,2020-03-23
niemcy.org,6,0,2020-03-23
oelejr.org,6,0,2020-03-23
hrcart.org,6,0,2020-03-23
frollo.org,6,0,2020-03-23
gonbpt.org,6,0,2020-03-23
co-mta.org,6,0,2020-03-23
naofmp.org,6,0,2020-03-23
delkem.org,6,0,2020-03-23
ims365.org,6,0,2020-03-23
yakuti.org,6,0,2020-03-23
wstudy.org,6,0,2020-03-23
gxzaxh.org,6,0,2020-03-23
ppehub.org,6,0,2020-03-23
ge-org.org,6,0,2020-03-23
ecotor.org,6,0,2020-03-23
naimak.org,6,0,2020-03-23
jwphnx.org,6,0,2020-03-23
kc3910.org,6,0,2020-03-23
gdsite.org,6,0,2020-03-23
panfab.org,6,0,2020-03-23
jsstam.org,6,0,2020-03-23
anuban.org,6,0,2020-03-23
rossnc.org,6,0,2020-03-23
agcint.org,6,0,2020-03-23
covici.org,6,0,2020-03-23
drbook.org,6,0,2020-03-23
covvid.org,6,0,2020-03-23
iotill.org,6,0,2020-03-23
drhonn.org,6,0,2020-03-23
sdbctc.org,6,0,2020-03-23
samcat.org,6,0,2020-03-23
mycuep.org,6,0,2020-03-23
sewa2a.org,6,0,2020-03-23
mapllc.org,6,0,2020-03-23
tmango.org,6,0,2020-03-23
iandus.org,6,0,2020-03-23
fccksa.org,6,0,2020-03-23
sitrac.org,6,0,2020-03-23
hmri22.org,6,0,2020-03-23
hofrcc.org,6,0,2020-03-23
tlwccc.org,6,0,2020-03-23
tipbet.org,6,0,2020-03-23
myhacc.org,6,0,2020-03-23
teagsa.org,6,0,2020-03-23
bjcisc.org,6,0,2020-03-23
sinkin.org,6,0,2020-03-23
sscdla.org,6,0,2020-03-23
sepany.org,6,0,2020-03-23
megcsn.org,6,0,2020-03-23
raredy.org,6,0,2020-03-23
webbel.org,6,0,2020-03-23
amostr.org,6,0,2020-03-23
dahofa.org,6,0,2020-03-23
emelyn.org,6,0,2020-03-23
gs-edv.org,6,0,2020-03-23
la2029.org,6,0,2020-03-23
osseus.org,6,0,2020-03-23
r-buns.org,6,0,2020-03-23
vidona.org,6,0,2020-03-23
amergy.org,6,0,2020-03-23
ushost.org,6,0,2020-03-23
vlogme.org,6,0,2020-03-23
urzeal.org,6,0,2020-03-23
cnnstt.org,6,0,2020-03-23
dcs-pe.org,6,0,2020-03-23
lirics.org,6,0,2020-03-23
aureli.org,6,0,2020-03-23
tkiedf.org,6,0,2020-03-23
kusten.org,6,0,2020-03-23
sfnnro.org,6,0,2020-03-23
adacca.org,6,0,2020-03-23
kshu08.org,6,0,2020-03-23
e-live.org,6,0,2020-03-23
emdram.org,6,0,2020-03-23
kyrill.org,6,0,2020-03-23
scitie.org,6,0,2020-03-23
asasyn.org,6,0,2020-03-23
kootkf.org,6,0,2020-03-23
arvcyp.org,6,0,2020-03-23
goshir.org,6,0,2020-03-23
replix.org,6,0,2020-03-23
adeoco.org,6,0,2020-03-23
fie-us.org,6,0,2020-03-23
tejian.org,6,0,2020-03-23
esmafe.org,6,0,2020-03-23
maragi.org,6,0,2020-03-23
haacbo.org,6,0,2020-03-23
lancha.org,6,0,2020-03-23
setchi.org,6,0,2020-03-23
lpsinn.org,6,0,2020-03-23
hgaiok.org,6,0,2020-03-23
acafaq.org,6,0,2020-03-23
than-b.org,6,0,2020-03-23
longle.org,6,0,2020-03-23
emtoba.org,6,0,2020-03-23
temida.org,6,0,2020-03-23
octice.org,6,0,2020-03-23
hakkai.org,6,0,2020-03-23
grzmbc.org,6,0,2020-03-23
enssaa.org,6,0,2020-03-23
adesab.org,6,0,2020-03-23
meerah.org,6,0,2020-03-23
keagle.org,6,0,2020-03-23
cacrog.org,6,0,2020-03-23
csdsac.org,6,0,2020-03-23
paness.org,6,0,2020-03-23
genifx.org,6,0,2020-03-23
edutel.org,6,0,2020-03-23
ronjac.org,6,0,2020-03-23
kannes.org,6,0,2020-03-23
gdldzx.org,6,0,2020-03-23
e-corp.org,6,0,2020-03-23
ec4nbl.org,6,0,2020-03-23
fumpaz.org,6,0,2020-03-23
k2trek.org,6,0,2020-03-23
opelly.org,6,0,2020-03-23
pavion.org,6,0,2020-03-23
arazzo.org,6,0,2020-03-23
yesjav.org,6,0,2020-03-23
pandot.org,6,0,2020-03-23
denvax.org,6,0,2020-03-23
cgkidz.org,6,0,2020-03-23
xduvan.org,6,0,2020-03-23
adjraw.org,6,0,2020-03-23
godayi.org,6,0,2020-03-23
ictmt9.org,6,0,2020-03-23
bridgr.org,6,0,2020-03-23
mpgbtc.org,6,0,2020-03-23
womama.org,6,0,2020-03-23
icsrei.org,6,0,2020-03-23
womanu.org,6,0,2020-03-23
focale.org,6,0,2020-03-23
xivero.org,6,0,2020-03-23
bolido.org,6,0,2020-03-23
